feature_variant,lr,rollout_len,hidden_sizes,clip_coef,reward_temperature,max_episode_steps,seed,val_mse,final_reward,train_time_sec
full,0.0003,1024,"(128, 128)",0.2,0.2,512,0,7475.8794,137.29132699158555,104.79746162501397
full,0.0003,1024,"(128, 128)",0.2,0.2,512,1,6799.4663,139.7384436021468,103.53606729203602
full,0.0003,1024,"(128, 128)",0.2,0.2,512,2,6755.895,144.01750806354912,103.98298637504922
full,0.0003,1024,"(128, 128)",0.2,0.2,256,0,4007.0015,68.47760028999804,103.51134729199111
full,0.0003,1024,"(128, 128)",0.2,0.2,256,1,7079.2197,64.2813699244207,102.53226012503728
full,0.0003,1024,"(128, 128)",0.2,0.2,256,2,5925.6724,66.13815689374667,100.16994016699027
full,0.0003,1024,"(128, 128)",0.2,0.5,512,0,7713.2095,196.5821734386039,100.20084825000959
full,0.0003,1024,"(128, 128)",0.2,0.5,512,1,6473.003,190.09586370068163,100.85222850000719
full,0.0003,1024,"(128, 128)",0.2,0.5,512,2,5330.478,197.46240250739947,100.9171752910479
full,0.0003,1024,"(128, 128)",0.2,0.5,256,0,3547.59,91.8382944689208,100.98755470797187
full,0.0003,1024,"(128, 128)",0.2,0.5,256,1,9014.918,95.21828843221351,101.01304758299375
full,0.0003,1024,"(128, 128)",0.2,0.5,256,2,4697.1416,97.03023988379768,101.80542304104893
full,0.0003,1024,"(128, 128)",0.1,0.2,512,0,6485.7104,132.1706745223435,104.2856380000012
full,0.0003,1024,"(128, 128)",0.1,0.2,512,1,5880.929,134.1084086014415,104.00654808297986
full,0.0003,1024,"(128, 128)",0.1,0.2,512,2,6443.326,134.2876229320652,104.02948879101314
full,0.0003,1024,"(128, 128)",0.1,0.2,256,0,5792.3794,66.34231561360458,104.31899679201888
full,0.0003,1024,"(128, 128)",0.1,0.2,256,1,5091.954,68.86308169741822,104.28537133394275
full,0.0003,1024,"(128, 128)",0.1,0.2,256,2,5951.9473,66.50929017347039,104.17350195802283
full,0.0003,1024,"(128, 128)",0.1,0.5,512,0,5451.4194,191.8995433858735,104.23923316696892
full,0.0003,1024,"(128, 128)",0.1,0.5,512,1,5585.9883,188.87478940058807,104.30834237503586
full,0.0003,1024,"(128, 128)",0.1,0.5,512,2,5129.8345,188.5520254651261,104.23963008302962
full,0.0003,1024,"(128, 128)",0.1,0.5,256,0,6265.3945,90.355883870461,104.21882458397886
full,0.0003,1024,"(128, 128)",0.1,0.5,256,1,4526.196,92.02871375869663,104.19659179198788
full,0.0003,1024,"(128, 128)",0.1,0.5,256,2,6796.1377,93.51791744054668,104.20649108401267
full,0.0003,1024,"(256, 256)",0.2,0.2,512,0,4709.874,136.58949840347836,104.27300258399919
full,0.0003,1024,"(256, 256)",0.2,0.2,512,1,8379.278,134.5712857009701,104.1420371249551
full,0.0003,1024,"(256, 256)",0.2,0.2,512,2,5915.2314,138.557048157704,104.29985650000162
full,0.0003,1024,"(256, 256)",0.2,0.2,256,0,6947.2734,66.58994143682409,104.20851420803228
full,0.0003,1024,"(256, 256)",0.2,0.2,256,1,6944.933,70.416683924651,104.18486995797139
full,0.0003,1024,"(256, 256)",0.2,0.2,256,2,6825.822,66.9721531605908,104.29596087499522
full,0.0003,1024,"(256, 256)",0.2,0.5,512,0,6435.532,188.81803079527418,104.19471462501679
full,0.0003,1024,"(256, 256)",0.2,0.5,512,1,6246.2344,192.15763093725315,104.28541929100174
full,0.0003,1024,"(256, 256)",0.2,0.5,512,2,8718.898,190.2654584700172,104.22949724999489
full,0.0003,1024,"(256, 256)",0.2,0.5,256,0,4158.378,93.91749060516887,104.22943512501661
full,0.0003,1024,"(256, 256)",0.2,0.5,256,1,5806.3984,96.51926425165355,104.28533166699344
full,0.0003,1024,"(256, 256)",0.2,0.5,256,2,5133.0522,93.85876431690379,104.33999737497652
full,0.0003,1024,"(256, 256)",0.1,0.2,512,0,6489.5566,133.11334536316053,104.32890112500172
full,0.0003,1024,"(256, 256)",0.1,0.2,512,1,6654.2817,136.4499489179325,104.29586545802886
full,0.0003,1024,"(256, 256)",0.1,0.2,512,2,3937.3962,137.44955380776474,104.17322283302201
full,0.0003,1024,"(256, 256)",0.1,0.2,256,0,4845.0254,65.40745648182266,104.3750669999863
full,0.0003,1024,"(256, 256)",0.1,0.2,256,1,6184.1064,63.990633798237354,104.45057054096833
full,0.0003,1024,"(256, 256)",0.1,0.2,256,2,5232.139,67.06676988930337,105.52993962494656
full,0.0003,1024,"(256, 256)",0.1,0.5,512,0,6060.7964,186.87737878774718,106.18485354195582
full,0.0003,1024,"(256, 256)",0.1,0.5,512,1,6736.364,184.7085989523669,106.27328274998581
full,0.0003,1024,"(256, 256)",0.1,0.5,512,2,6352.0327,180.2212922636944,105.92854945798172
full,0.0003,1024,"(256, 256)",0.1,0.5,256,0,5069.605,89.66314585270115,95.79724662500666
full,0.0003,1024,"(256, 256)",0.1,0.5,256,1,6032.5684,90.58436586647272,90.56148362497333
full,0.0003,1024,"(256, 256)",0.1,0.5,256,2,6024.265,95.68320920046418,89.0333211250254
full,0.0003,2048,"(128, 128)",0.2,0.2,512,0,4648.8105,134.60906186436347,81.08926049998263
full,0.0003,2048,"(128, 128)",0.2,0.2,512,1,5929.827,131.3810675231603,81.21416633296758
full,0.0003,2048,"(128, 128)",0.2,0.2,512,2,5720.4087,133.90148571088642,81.19298170797992
full,0.0003,2048,"(128, 128)",0.2,0.2,256,0,7794.682,70.92856818135478,80.98762625001837
full,0.0003,2048,"(128, 128)",0.2,0.2,256,1,5811.8804,67.29959206748701,81.2406680000131
full,0.0003,2048,"(128, 128)",0.2,0.2,256,2,5482.675,68.68128828984035,81.21547858294798
full,0.0003,2048,"(128, 128)",0.2,0.5,512,0,6970.6675,186.73212008649324,81.21263454202563
full,0.0003,2048,"(128, 128)",0.2,0.5,512,1,5679.1133,184.38416952836832,81.20871041703504
full,0.0003,2048,"(128, 128)",0.2,0.5,512,2,5714.839,188.0276118922693,81.12894791696453
full,0.0003,2048,"(128, 128)",0.2,0.5,256,0,6049.756,92.22835609813207,81.1530369159882
full,0.0003,2048,"(128, 128)",0.2,0.5,256,1,7470.661,97.71966049721057,81.21697379194666
full,0.0003,2048,"(128, 128)",0.2,0.5,256,2,5558.412,94.59737896592223,81.31599429098424
full,0.0003,2048,"(128, 128)",0.1,0.2,512,0,5669.644,133.33047982331146,81.29789041698677
full,0.0003,2048,"(128, 128)",0.1,0.2,512,1,6178.6846,133.5514891235593,81.33072720799828
full,0.0003,2048,"(128, 128)",0.1,0.2,512,2,5487.2075,125.49013376833823,82.01886004197877
full,0.0003,2048,"(128, 128)",0.1,0.2,256,0,5628.9487,65.90276069091946,83.73873716703383
full,0.0003,2048,"(128, 128)",0.1,0.2,256,1,6596.9995,64.7473283132024,84.11248829204123
full,0.0003,2048,"(128, 128)",0.1,0.2,256,2,6135.3896,64.84034268577014,81.15042733302107
full,0.0003,2048,"(128, 128)",0.1,0.5,512,0,5454.277,183.46927670263372,81.38094399997499
full,0.0003,2048,"(128, 128)",0.1,0.5,512,1,6176.437,183.97023583888677,82.24522612500004
full,0.0003,2048,"(128, 128)",0.1,0.5,512,2,5877.6816,178.59836439127355,81.37137300003087
full,0.0003,2048,"(128, 128)",0.1,0.5,256,0,5738.3184,90.8214179528957,81.31571125000482
full,0.0003,2048,"(128, 128)",0.1,0.5,256,1,6622.851,89.94840533761,82.6629618749721
full,0.0003,2048,"(128, 128)",0.1,0.5,256,2,5455.4893,90.77185876346968,97.69754149997607
full,0.0003,2048,"(256, 256)",0.2,0.2,512,0,6913.313,128.83843874664717,97.60621095803799
full,0.0003,2048,"(256, 256)",0.2,0.2,512,1,5986.808,136.62092666752554,97.62581983400742
full,0.0003,2048,"(256, 256)",0.2,0.2,512,2,6506.16,138.5614294787992,97.67076683300547
full,0.0003,2048,"(256, 256)",0.2,0.2,256,0,6371.16,66.94005990919115,97.70636487501906
full,0.0003,2048,"(256, 256)",0.2,0.2,256,1,6506.864,69.99158526239708,97.6860017090221
full,0.0003,2048,"(256, 256)",0.2,0.2,256,2,5508.9507,66.12497767682225,97.76359170896467
full,0.0003,2048,"(256, 256)",0.2,0.5,512,0,5319.8516,188.5311325158157,97.53469154197956
full,0.0003,2048,"(256, 256)",0.2,0.5,512,1,6786.1895,186.36470712639567,97.71766541700345
full,0.0003,2048,"(256, 256)",0.2,0.5,512,2,7595.436,185.72463113061423,97.50570800004061
full,0.0003,2048,"(256, 256)",0.2,0.5,256,0,4725.1045,91.21767561135378,98.67916958301794
full,0.0003,2048,"(256, 256)",0.2,0.5,256,1,5227.9644,91.2675289058124,100.12806724995608
full,0.0003,2048,"(256, 256)",0.2,0.5,256,2,6000.102,93.01948510072874,100.17331058299169
full,0.0003,2048,"(256, 256)",0.1,0.2,512,0,5046.913,130.33505066581816,100.10822879103944
full,0.0003,2048,"(256, 256)",0.1,0.2,512,1,5459.647,132.04140693942549,100.07267058297293
full,0.0003,2048,"(256, 256)",0.1,0.2,512,2,5814.4346,130.42639304931075,100.03891587501857
full,0.0003,2048,"(256, 256)",0.1,0.2,256,0,5938.4272,65.33994730692572,100.00753304199316
full,0.0003,2048,"(256, 256)",0.1,0.2,256,1,6548.2397,62.7452089897295,100.16291804198408
full,0.0003,2048,"(256, 256)",0.1,0.2,256,2,5346.6597,65.74891735735297,100.05025362496963
full,0.0003,2048,"(256, 256)",0.1,0.5,512,0,5180.4116,188.9520888986621,100.07465895899804
full,0.0003,2048,"(256, 256)",0.1,0.5,512,1,6128.936,182.68225651590583,100.13950712501537
full,0.0003,2048,"(256, 256)",0.1,0.5,512,2,5830.381,186.52391468989168,100.06240975001128
full,0.0003,2048,"(256, 256)",0.1,0.5,256,0,6283.585,91.72054536243742,100.11902149999514
full,0.0003,2048,"(256, 256)",0.1,0.5,256,1,6848.763,90.64735887466797,100.11582025000826
full,0.0003,2048,"(256, 256)",0.1,0.5,256,2,6127.5283,91.06378693830533,100.18570704199374
full,0.0001,1024,"(128, 128)",0.2,0.2,512,0,6043.625,135.87221655656072,105.87279291596496
full,0.0001,1024,"(128, 128)",0.2,0.2,512,1,4959.1177,132.5973862903216,105.86251100001391
full,0.0001,1024,"(128, 128)",0.2,0.2,512,2,4316.366,136.82547399870603,105.46352620795369
full,0.0001,1024,"(128, 128)",0.2,0.2,256,0,5305.201,66.92297932895235,105.67393295798684
full,0.0001,1024,"(128, 128)",0.2,0.2,256,1,6647.498,64.76535638331157,105.85049291700125
full,0.0001,1024,"(128, 128)",0.2,0.2,256,2,6843.6826,67.89585895071495,105.80937908298802
full,0.0001,1024,"(128, 128)",0.2,0.5,512,0,6486.703,187.03448102914803,106.01522324996768
full,0.0001,1024,"(128, 128)",0.2,0.5,512,1,5926.2334,191.58236036470453,105.91876137501094
full,0.0001,1024,"(128, 128)",0.2,0.5,512,2,5447.8164,190.53782398384703,105.90735537500586
full,0.0001,1024,"(128, 128)",0.2,0.5,256,0,7821.2373,90.59091081448186,105.86111783399247
full,0.0001,1024,"(128, 128)",0.2,0.5,256,1,6497.598,91.56887676785956,105.86239699996077
full,0.0001,1024,"(128, 128)",0.2,0.5,256,2,7286.8003,94.69077116577003,105.86470433400245
full,0.0001,1024,"(128, 128)",0.1,0.2,512,0,4917.0005,130.57661710730247,105.88190454198048
full,0.0001,1024,"(128, 128)",0.1,0.2,512,1,6331.883,131.69223182759117,105.69597254198743
full,0.0001,1024,"(128, 128)",0.1,0.2,512,2,5683.3506,130.33343022824312,105.86264770803973
full,0.0001,1024,"(128, 128)",0.1,0.2,256,0,5720.1313,62.227014103105226,105.91801849997137
full,0.0001,1024,"(128, 128)",0.1,0.2,256,1,5716.458,62.722320142774365,105.95071420801105
full,0.0001,1024,"(128, 128)",0.1,0.2,256,2,6081.3403,63.02215550436915,105.87887416599551
full,0.0001,1024,"(128, 128)",0.1,0.5,512,0,5960.274,190.54652202860737,105.88555220799753
full,0.0001,1024,"(128, 128)",0.1,0.5,512,1,5960.87,184.22426677307033,104.26290587504627
full,0.0001,1024,"(128, 128)",0.1,0.5,512,2,5560.6685,187.83611382862642,102.75896237499546
full,0.0001,1024,"(128, 128)",0.1,0.5,256,0,6762.568,88.98428642652249,104.29613537498517
full,0.0001,1024,"(128, 128)",0.1,0.5,256,1,5351.8125,89.2516754148844,105.50592879101168
full,0.0001,1024,"(128, 128)",0.1,0.5,256,2,5236.0127,93.9213676869015,105.3950980840018
full,0.0001,1024,"(256, 256)",0.2,0.2,512,0,5534.6357,133.3502880403292,105.34005037497263
full,0.0001,1024,"(256, 256)",0.2,0.2,512,1,3902.541,129.20708669472862,105.68545774999075
full,0.0001,1024,"(256, 256)",0.2,0.2,512,2,5476.284,132.30997487811788,105.36201304098358
full,0.0001,1024,"(256, 256)",0.2,0.2,256,0,4756.325,66.93628944519072,105.41915491700638
full,0.0001,1024,"(256, 256)",0.2,0.2,256,1,7080.137,66.42253187690628,105.4837582919863
full,0.0001,1024,"(256, 256)",0.2,0.2,256,2,5615.017,64.20068981488033,105.22890824999195
full,0.0001,1024,"(256, 256)",0.2,0.5,512,0,7551.2344,184.3874035068796,105.4517600829713
full,0.0001,1024,"(256, 256)",0.2,0.5,512,1,6713.9004,188.91841791428095,103.00404812494526
full,0.0001,1024,"(256, 256)",0.2,0.5,512,2,5861.4146,190.36687168199538,103.046460499987
full,0.0001,1024,"(256, 256)",0.2,0.5,256,0,6249.6157,90.95446199460142,102.87386920803692
full,0.0001,1024,"(256, 256)",0.2,0.5,256,1,5132.0913,92.3586475410863,103.00423595798202
full,0.0001,1024,"(256, 256)",0.2,0.5,256,2,6314.7983,96.89267591888473,102.94583279197104
full,0.0001,1024,"(256, 256)",0.1,0.2,512,0,5797.9224,133.2087953710279,102.27099116699537
full,0.0001,1024,"(256, 256)",0.1,0.2,512,1,5465.7817,134.78211074871064,102.4285235000425
full,0.0001,1024,"(256, 256)",0.1,0.2,512,2,4718.433,129.94747126126038,102.40609170799144
full,0.0001,1024,"(256, 256)",0.1,0.2,256,0,5302.1963,65.83403880251674,103.01459633302875
full,0.0001,1024,"(256, 256)",0.1,0.2,256,1,6259.228,65.18875154439314,102.24362483399455
full,0.0001,1024,"(256, 256)",0.1,0.2,256,2,5000.499,65.50596967758729,102.60310725000454
full,0.0001,1024,"(256, 256)",0.1,0.5,512,0,7020.369,183.22663409568946,102.1407381669851
full,0.0001,1024,"(256, 256)",0.1,0.5,512,1,6384.3643,185.498866125915,105.14605345804011
full,0.0001,1024,"(256, 256)",0.1,0.5,512,2,6081.212,191.0943977509116,105.65883124998072
full,0.0001,1024,"(256, 256)",0.1,0.5,256,0,4819.0015,87.54149159492287,105.66435995802749
full,0.0001,1024,"(256, 256)",0.1,0.5,256,1,6774.8804,90.31667433186246,105.38375504204305
full,0.0001,1024,"(256, 256)",0.1,0.5,256,2,5621.771,93.81567160662935,105.56233187502949
full,0.0001,2048,"(128, 128)",0.2,0.2,512,0,6197.1104,128.62620625626283,99.46220525004901
full,0.0001,2048,"(128, 128)",0.2,0.2,512,1,5604.0522,129.8721258594615,99.66276799998013
full,0.0001,2048,"(128, 128)",0.2,0.2,512,2,5664.3477,132.11514890289558,99.9627345839981
full,0.0001,2048,"(128, 128)",0.2,0.2,256,0,5204.471,63.005182951622736,99.63938470801804
full,0.0001,2048,"(128, 128)",0.2,0.2,256,1,6521.8135,65.7840403394101,99.53091695898911
full,0.0001,2048,"(128, 128)",0.2,0.2,256,2,5737.1123,64.81637548379194,99.81729608395835
full,0.0001,2048,"(128, 128)",0.2,0.5,512,0,6462.1797,186.18170241485237,98.7620595000335
full,0.0001,2048,"(128, 128)",0.2,0.5,512,1,7981.819,188.80592688474712,99.62932366598397
full,0.0001,2048,"(128, 128)",0.2,0.5,512,2,6531.147,182.89506713285698,98.86237408401212
full,0.0001,2048,"(128, 128)",0.2,0.5,256,0,6403.6846,91.7894002244005,98.27291508304188
full,0.0001,2048,"(128, 128)",0.2,0.5,256,1,5696.306,94.85760902466745,99.55210883298423
full,0.0001,2048,"(128, 128)",0.2,0.5,256,2,4675.498,93.07079693278244,99.90657783299685
full,0.0001,2048,"(128, 128)",0.1,0.2,512,0,5676.1514,128.2030738099509,99.76182437501848
full,0.0001,2048,"(128, 128)",0.1,0.2,512,1,5966.5273,125.65891105821333,99.70577037497424
full,0.0001,2048,"(128, 128)",0.1,0.2,512,2,5630.8545,127.19284000422022,99.95221766701434
full,0.0001,2048,"(128, 128)",0.1,0.2,256,0,5793.858,68.17674373219265,99.87337212497368
full,0.0001,2048,"(128, 128)",0.1,0.2,256,1,5742.1724,62.62726737163511,99.69592058303533
full,0.0001,2048,"(128, 128)",0.1,0.2,256,2,5600.609,64.88987731662452,100.0518901249743
full,0.0001,2048,"(128, 128)",0.1,0.5,512,0,5665.3027,183.85807769477213,99.6846314999857
full,0.0001,2048,"(128, 128)",0.1,0.5,512,1,6489.1797,181.772805508055,99.70707295899047
full,0.0001,2048,"(128, 128)",0.1,0.5,512,2,5359.942,182.4743226544802,99.96184475003975
full,0.0001,2048,"(128, 128)",0.1,0.5,256,0,5934.0312,90.82749632220032,99.5948876250186
full,0.0001,2048,"(128, 128)",0.1,0.5,256,1,6111.021,87.07905064488044,99.85242620902136
full,0.0001,2048,"(128, 128)",0.1,0.5,256,2,5708.711,91.06247641385023,100.04988162498921
full,0.0001,2048,"(256, 256)",0.2,0.2,512,0,5554.6294,133.84011725109096,99.4919079579995
full,0.0001,2048,"(256, 256)",0.2,0.2,512,1,6354.1284,130.2734215853562,99.66270033299224
full,0.0001,2048,"(256, 256)",0.2,0.2,512,2,4873.1113,126.7381642876459,99.76265641697682
full,0.0001,2048,"(256, 256)",0.2,0.2,256,0,5167.706,64.52544926253279,99.40715933300089
full,0.0001,2048,"(256, 256)",0.2,0.2,256,1,6474.692,65.09776645397099,97.47540870902594
full,0.0001,2048,"(256, 256)",0.2,0.2,256,2,5661.6274,65.67595139232945,97.55715316702845
full,0.0001,2048,"(256, 256)",0.2,0.5,512,0,5596.202,185.24380195600293,97.30246116599301
full,0.0001,2048,"(256, 256)",0.2,0.5,512,1,6579.433,189.4219281133385,96.8495654159924
full,0.0001,2048,"(256, 256)",0.2,0.5,512,2,6775.39,188.83339980121818,97.04221012495691
full,0.0001,2048,"(256, 256)",0.2,0.5,256,0,4675.246,91.1294426891109,97.21969466703013
full,0.0001,2048,"(256, 256)",0.2,0.5,256,1,6625.1157,90.10169425974591,96.94832645897986
full,0.0001,2048,"(256, 256)",0.2,0.5,256,2,5083.623,93.59834222170869,96.88492375001078
full,0.0001,2048,"(256, 256)",0.1,0.2,512,0,5714.295,131.22945657942606,96.8359258749988
full,0.0001,2048,"(256, 256)",0.1,0.2,512,1,6353.877,128.39042649818808,97.13223041698802
full,0.0001,2048,"(256, 256)",0.1,0.2,512,2,6063.1807,128.2604422677828,97.99814429198159
full,0.0001,2048,"(256, 256)",0.1,0.2,256,0,5755.5864,64.46633428168826,96.92961708299117
full,0.0001,2048,"(256, 256)",0.1,0.2,256,1,5994.493,64.26717596324701,99.95250708301319
full,0.0001,2048,"(256, 256)",0.1,0.2,256,2,5654.3354,64.48214387642562,99.692448124988
full,0.0001,2048,"(256, 256)",0.1,0.5,512,0,5782.3315,179.5999242260835,99.64113404095406
full,0.0001,2048,"(256, 256)",0.1,0.5,512,1,5784.0156,185.30870405986576,100.15061633300502
full,0.0001,2048,"(256, 256)",0.1,0.5,512,2,5857.451,179.8104664402177,99.68108116701478
full,0.0001,2048,"(256, 256)",0.1,0.5,256,0,6092.979,91.66406399480464,99.61833799997112
full,0.0001,2048,"(256, 256)",0.1,0.5,256,1,6370.0635,89.89892263627101,99.63096241699532
full,0.0001,2048,"(256, 256)",0.1,0.5,256,2,5523.5576,90.8859562948044,99.76062000001548
no_history,0.0003,1024,"(128, 128)",0.2,0.2,512,0,6176.818,142.53951185464328,105.67699300003005
no_history,0.0003,1024,"(128, 128)",0.2,0.2,512,1,4642.6387,139.40545949244827,104.14228287502192
no_history,0.0003,1024,"(128, 128)",0.2,0.2,512,2,7871.678,133.83988688190598,103.12002004100941
no_history,0.0003,1024,"(128, 128)",0.2,0.2,256,0,5313.9937,68.06483448522694,103.40685299999313
no_history,0.0003,1024,"(128, 128)",0.2,0.2,256,1,7000.248,72.49167367650263,103.22644904104527
no_history,0.0003,1024,"(128, 128)",0.2,0.2,256,2,5271.062,66.97088363406678,102.42168525001034
no_history,0.0003,1024,"(128, 128)",0.2,0.5,512,0,6136.691,191.7308230043671,102.5156172089628
no_history,0.0003,1024,"(128, 128)",0.2,0.5,512,1,8432.439,188.76519695272623,102.66411504102871
no_history,0.0003,1024,"(128, 128)",0.2,0.5,512,2,4552.164,188.70426702065484,102.3592751249671
no_history,0.0003,1024,"(128, 128)",0.2,0.5,256,0,4633.718,93.40316940021472,102.61646870797267
no_history,0.0003,1024,"(128, 128)",0.2,0.5,256,1,8202.787,91.71801191859932,102.74667695804965
no_history,0.0003,1024,"(128, 128)",0.2,0.5,256,2,4840.6084,95.64823573351939,102.40442408301169
no_history,0.0003,1024,"(128, 128)",0.1,0.2,512,0,5293.88,132.7751528480661,102.9008245409932
no_history,0.0003,1024,"(128, 128)",0.1,0.2,512,1,5605.3438,134.9274869497393,105.47595312498743
no_history,0.0003,1024,"(128, 128)",0.1,0.2,512,2,6565.317,134.2017415410186,105.54103508300614
no_history,0.0003,1024,"(128, 128)",0.1,0.2,256,0,6822.8135,68.04073693990048,105.79574624996167
no_history,0.0003,1024,"(128, 128)",0.1,0.2,256,1,6505.668,63.571206807966554,105.8391987500363
no_history,0.0003,1024,"(128, 128)",0.1,0.2,256,2,5285.4165,64.47661032327719,105.55173808301333
no_history,0.0003,1024,"(128, 128)",0.1,0.5,512,0,5151.076,190.0476089297088,105.5963918340276
no_history,0.0003,1024,"(128, 128)",0.1,0.5,512,1,5608.3154,185.22096706930444,105.75007558299694
no_history,0.0003,1024,"(128, 128)",0.1,0.5,512,2,4338.515,188.29212072408743,105.50868012499996
no_history,0.0003,1024,"(128, 128)",0.1,0.5,256,0,6122.012,94.20941045740025,105.61736899998505
no_history,0.0003,1024,"(128, 128)",0.1,0.5,256,1,6891.175,92.81719374145105,105.80810991697945
no_history,0.0003,1024,"(128, 128)",0.1,0.5,256,2,5941.413,96.45396629023176,105.76135683298344
no_history,0.0003,1024,"(256, 256)",0.2,0.2,512,0,4405.2563,141.46933492556172,105.94222008396173
no_history,0.0003,1024,"(256, 256)",0.2,0.2,512,1,7048.8857,139.77492241055592,105.62766058294801
no_history,0.0003,1024,"(256, 256)",0.2,0.2,512,2,5829.3354,136.58664881252452,105.56458012497751
no_history,0.0003,1024,"(256, 256)",0.2,0.2,256,0,8592.982,69.90754660540023,105.88368599995738
no_history,0.0003,1024,"(256, 256)",0.2,0.2,256,1,4900.8706,67.78407713837174,105.70655954204267
no_history,0.0003,1024,"(256, 256)",0.2,0.2,256,2,4783.578,69.2767753630793,105.58519333298318
no_history,0.0003,1024,"(256, 256)",0.2,0.5,512,0,8349.131,193.88605431146328,105.72935599996708
no_history,0.0003,1024,"(256, 256)",0.2,0.5,512,1,8728.51,191.91509429550382,105.71197412500624
no_history,0.0003,1024,"(256, 256)",0.2,0.5,512,2,3670.6448,194.18224060111976,105.57321329100523
no_history,0.0003,1024,"(256, 256)",0.2,0.5,256,0,7297.0103,95.11329980734921,105.97356220899383
no_history,0.0003,1024,"(256, 256)",0.2,0.5,256,1,8778.382,95.91216385458175,105.56255470798351
no_history,0.0003,1024,"(256, 256)",0.2,0.5,256,2,5878.2046,98.9491567146325,105.52961804199731
no_history,0.0003,1024,"(256, 256)",0.1,0.2,512,0,4867.478,131.0723490723347,105.74115716700908
no_history,0.0003,1024,"(256, 256)",0.1,0.2,512,1,5666.702,126.25852849301195,105.78551741695264
no_history,0.0003,1024,"(256, 256)",0.1,0.2,512,2,5879.238,132.90947891753657,105.51829666696722
no_history,0.0003,1024,"(256, 256)",0.1,0.2,256,0,5686.401,64.87346701000617,105.8629385829554
no_history,0.0003,1024,"(256, 256)",0.1,0.2,256,1,5737.417,66.12084836685224,105.4631551670027
no_history,0.0003,1024,"(256, 256)",0.1,0.2,256,2,5963.2314,64.70429761035602,105.71544408297632
no_history,0.0003,1024,"(256, 256)",0.1,0.5,512,0,5871.242,186.8449195387321,105.57381916599115
no_history,0.0003,1024,"(256, 256)",0.1,0.5,512,1,6462.3213,182.86488761605816,105.5513810000266
no_history,0.0003,1024,"(256, 256)",0.1,0.5,512,2,4710.607,184.60129789001493,105.80706433398882
no_history,0.0003,1024,"(256, 256)",0.1,0.5,256,0,5596.702,91.1304424741888,105.73973124998156
no_history,0.0003,1024,"(256, 256)",0.1,0.5,256,1,7985.24,92.54669654870538,105.36189945804654
no_history,0.0003,1024,"(256, 256)",0.1,0.5,256,2,6450.7437,98.66228433345908,105.97146366600646
no_history,0.0003,2048,"(128, 128)",0.2,0.2,512,0,5143.3237,137.98336041347238,97.7548438750091
no_history,0.0003,2048,"(128, 128)",0.2,0.2,512,1,6999.589,129.31181936346397,97.62413541704882
no_history,0.0003,2048,"(128, 128)",0.2,0.2,512,2,6132.4727,135.13388957739159,97.76694529200904
no_history,0.0003,2048,"(128, 128)",0.2,0.2,256,0,5359.9907,64.53718864898896,97.86726312502287
no_history,0.0003,2048,"(128, 128)",0.2,0.2,256,1,6990.924,66.71736809801256,97.02439825003967
no_history,0.0003,2048,"(128, 128)",0.2,0.2,256,2,5352.387,69.36024261806257,96.87995704205241
no_history,0.0003,2048,"(128, 128)",0.2,0.5,512,0,6136.7603,185.77917976838776,97.27857774996664
no_history,0.0003,2048,"(128, 128)",0.2,0.5,512,1,5473.845,187.10576511004865,96.77968720899662
no_history,0.0003,2048,"(128, 128)",0.2,0.5,512,2,5086.879,185.66766982489602,96.79013391700573
no_history,0.0003,2048,"(128, 128)",0.2,0.5,256,0,6557.9985,93.89993494531356,97.24223420897033
no_history,0.0003,2048,"(128, 128)",0.2,0.5,256,1,6326.498,89.17438802987212,97.16900054103462
no_history,0.0003,2048,"(128, 128)",0.2,0.5,256,2,5711.4404,89.32326204379186,97.10736854100833
no_history,0.0003,2048,"(128, 128)",0.1,0.2,512,0,5845.1704,132.28071412164073,99.23021933296695
no_history,0.0003,2048,"(128, 128)",0.1,0.2,512,1,7138.4326,130.4127590477999,99.94013216596795
no_history,0.0003,2048,"(128, 128)",0.1,0.2,512,2,5570.8726,130.57026415720068,99.79616054100916
no_history,0.0003,2048,"(128, 128)",0.1,0.2,256,0,5937.5063,65.88822016194715,99.75083008396905
no_history,0.0003,2048,"(128, 128)",0.1,0.2,256,1,6461.9165,61.4193534817638,99.80727416701848
no_history,0.0003,2048,"(128, 128)",0.1,0.2,256,2,6074.375,67.57487567778296,99.8507867080043
no_history,0.0003,2048,"(128, 128)",0.1,0.5,512,0,5712.522,187.37629928037467,99.97455187502783
no_history,0.0003,2048,"(128, 128)",0.1,0.5,512,1,6709.345,184.3034956960013,100.01918950001709
no_history,0.0003,2048,"(128, 128)",0.1,0.5,512,2,5418.167,185.1173380157284,99.86034195800312
no_history,0.0003,2048,"(128, 128)",0.1,0.5,256,0,5524.5273,91.17750049139134,100.11902683402877
no_history,0.0003,2048,"(128, 128)",0.1,0.5,256,1,6178.7656,88.9545551542971,99.7854032079922
no_history,0.0003,2048,"(128, 128)",0.1,0.5,256,2,5264.297,92.73259481033418,99.81783341703704
no_history,0.0003,2048,"(256, 256)",0.2,0.2,512,0,5814.4624,134.7714114563191,99.89472229103558
no_history,0.0003,2048,"(256, 256)",0.2,0.2,512,1,7351.866,129.24133672256164,100.06358174997149
no_history,0.0003,2048,"(256, 256)",0.2,0.2,512,2,5877.388,133.20751920582933,99.6244167079567
no_history,0.0003,2048,"(256, 256)",0.2,0.2,256,0,6658.343,66.2713762661997,99.90716425003484
no_history,0.0003,2048,"(256, 256)",0.2,0.2,256,1,6530.065,66.0879870757569,99.91760137496749
no_history,0.0003,2048,"(256, 256)",0.2,0.2,256,2,6305.186,66.61029512721541,99.86280458298279
no_history,0.0003,2048,"(256, 256)",0.2,0.5,512,0,8204.221,187.0532300672844,99.87303225003416
no_history,0.0003,2048,"(256, 256)",0.2,0.5,512,1,7487.177,184.5854446438869,99.9628558330005
no_history,0.0003,2048,"(256, 256)",0.2,0.5,512,2,4794.073,183.73922644792546,99.90618074999657
no_history,0.0003,2048,"(256, 256)",0.2,0.5,256,0,5117.9556,96.02635907951641,100.06345250003505
no_history,0.0003,2048,"(256, 256)",0.2,0.5,256,1,7282.7783,90.97694156793504,99.86395662499126
no_history,0.0003,2048,"(256, 256)",0.2,0.5,256,2,7300.475,92.43673916243276,99.86163724999642
no_history,0.0003,2048,"(256, 256)",0.1,0.2,512,0,6071.507,132.24753188181552,99.87455320794834
no_history,0.0003,2048,"(256, 256)",0.1,0.2,512,1,6602.7173,127.78696247968374,100.30580499995267
no_history,0.0003,2048,"(256, 256)",0.1,0.2,512,2,5172.6978,130.2526983013835,99.85275100002764
no_history,0.0003,2048,"(256, 256)",0.1,0.2,256,0,6060.1807,63.37385482993748,99.78393579099793
no_history,0.0003,2048,"(256, 256)",0.1,0.2,256,1,7072.096,63.23651805931924,100.02854387502884
no_history,0.0003,2048,"(256, 256)",0.1,0.2,256,2,5532.387,62.44449071464828,99.81879429199034
no_history,0.0003,2048,"(256, 256)",0.1,0.5,512,0,5933.7188,181.67402320965758,99.76372945902403
no_history,0.0003,2048,"(256, 256)",0.1,0.5,512,1,6094.208,183.8497881613057,99.93830487498781
no_history,0.0003,2048,"(256, 256)",0.1,0.5,512,2,4996.178,179.7578535407355,99.97495829197578
no_history,0.0003,2048,"(256, 256)",0.1,0.5,256,0,5505.0845,92.25521711191057,99.88454400002956
no_history,0.0003,2048,"(256, 256)",0.1,0.5,256,1,6356.8584,90.89511643282826,100.06175745802466
no_history,0.0003,2048,"(256, 256)",0.1,0.5,256,2,5474.32,88.99260771911656,99.86348012503004
no_history,0.0001,1024,"(128, 128)",0.2,0.2,512,0,7504.7036,131.45207941724007,105.6284827919444
no_history,0.0001,1024,"(128, 128)",0.2,0.2,512,1,6913.0903,131.18616247835178,105.72966441704193
no_history,0.0001,1024,"(128, 128)",0.2,0.2,512,2,6257.854,133.8839495729285,105.5748855000129
no_history,0.0001,1024,"(128, 128)",0.2,0.2,256,0,5395.767,65.61221620176073,105.3828622919973
no_history,0.0001,1024,"(128, 128)",0.2,0.2,256,1,7442.27,63.97900544722222,105.37499004194979
no_history,0.0001,1024,"(128, 128)",0.2,0.2,256,2,7415.1104,69.11699466887255,105.28470004198607
no_history,0.0001,1024,"(128, 128)",0.2,0.5,512,0,5249.7026,188.9257454383848,105.48473645799095
no_history,0.0001,1024,"(128, 128)",0.2,0.5,512,1,7866.4033,187.21255263314555,105.87368708301801
no_history,0.0001,1024,"(128, 128)",0.2,0.5,512,2,4255.4814,190.0597078743318,105.4513769170153
no_history,0.0001,1024,"(128, 128)",0.2,0.5,256,0,6699.866,93.98672004058105,105.56272979197092
no_history,0.0001,1024,"(128, 128)",0.2,0.5,256,1,7421.728,93.44543168613708,105.66250583401415
no_history,0.0001,1024,"(128, 128)",0.2,0.5,256,2,5358.0864,94.32271804492515,105.63998133299174
no_history,0.0001,1024,"(128, 128)",0.1,0.2,512,0,5930.4297,130.03918210138818,105.49676558398642
no_history,0.0001,1024,"(128, 128)",0.1,0.2,512,1,6938.5283,127.38492904196315,105.82936591596808
no_history,0.0001,1024,"(128, 128)",0.1,0.2,512,2,6026.8247,128.40450911619644,105.38395524997031
no_history,0.0001,1024,"(128, 128)",0.1,0.2,256,0,5870.879,65.9537075461953,105.68566462496528
no_history,0.0001,1024,"(128, 128)",0.1,0.2,256,1,7579.1577,63.018952273190976,105.77296704100445
no_history,0.0001,1024,"(128, 128)",0.1,0.2,256,2,6141.62,67.08890459935786,105.6529464579653
no_history,0.0001,1024,"(128, 128)",0.1,0.5,512,0,5494.3926,185.91383388403378,105.50683333404595
no_history,0.0001,1024,"(128, 128)",0.1,0.5,512,1,6382.661,187.22181074330936,105.62838616600493
no_history,0.0001,1024,"(128, 128)",0.1,0.5,512,2,5368.2876,182.22053975106,105.55157920898637
no_history,0.0001,1024,"(128, 128)",0.1,0.5,256,0,6797.184,92.26730574940362,105.51895458297804
no_history,0.0001,1024,"(128, 128)",0.1,0.5,256,1,5856.073,87.89435017959644,105.27849249995779
no_history,0.0001,1024,"(128, 128)",0.1,0.5,256,2,5596.1333,90.71895434148591,105.68330466700718
no_history,0.0001,1024,"(256, 256)",0.2,0.2,512,0,4060.894,136.62241657656767,106.1728530410328
no_history,0.0001,1024,"(256, 256)",0.2,0.2,512,1,6080.2046,130.85135503380874,105.54132645897334
no_history,0.0001,1024,"(256, 256)",0.2,0.2,512,2,8077.996,134.44128055066588,105.44059220899362
no_history,0.0001,1024,"(256, 256)",0.2,0.2,256,0,6947.8975,68.57944239389822,105.79546254198067
no_history,0.0001,1024,"(256, 256)",0.2,0.2,256,1,7062.976,61.68338339827652,105.60660458303755
no_history,0.0001,1024,"(256, 256)",0.2,0.2,256,2,4592.5503,66.77890046798355,105.7292137920158
no_history,0.0001,1024,"(256, 256)",0.2,0.5,512,0,5252.8906,190.00886058178682,105.7420943339821
no_history,0.0001,1024,"(256, 256)",0.2,0.5,512,1,7949.3604,187.88798097495206,105.44145837501856
no_history,0.0001,1024,"(256, 256)",0.2,0.5,512,2,7782.1567,191.6677627616479,105.51668800000334
no_history,0.0001,1024,"(256, 256)",0.2,0.5,256,0,4867.9004,92.06232147333061,105.85022333299275
no_history,0.0001,1024,"(256, 256)",0.2,0.5,256,1,7208.743,94.18962296930331,105.5965454170364
no_history,0.0001,1024,"(256, 256)",0.2,0.5,256,2,8106.9614,98.64278291953892,105.70825579197844
no_history,0.0001,1024,"(256, 256)",0.1,0.2,512,0,6386.9775,130.93005990221903,105.67470633401535
no_history,0.0001,1024,"(256, 256)",0.1,0.2,512,1,6596.498,131.06757510662277,105.71707441698527
no_history,0.0001,1024,"(256, 256)",0.1,0.2,512,2,6729.339,129.29877072192906,105.40824362501735
no_history,0.0001,1024,"(256, 256)",0.1,0.2,256,0,5836.313,64.83369813812433,105.74998999998206
no_history,0.0001,1024,"(256, 256)",0.1,0.2,256,1,6982.833,65.1975171459582,105.62980724999215
no_history,0.0001,1024,"(256, 256)",0.1,0.2,256,2,5586.37,66.62595438110225,105.5398560410249
no_history,0.0001,1024,"(256, 256)",0.1,0.5,512,0,5378.646,181.03312928400496,105.785032166983
no_history,0.0001,1024,"(256, 256)",0.1,0.5,512,1,5958.878,187.93664614457526,105.63920912501635
no_history,0.0001,1024,"(256, 256)",0.1,0.5,512,2,5919.747,186.7266122188903,105.65243579202797
no_history,0.0001,1024,"(256, 256)",0.1,0.5,256,0,5805.672,95.39392844033617,105.64009424997494
no_history,0.0001,1024,"(256, 256)",0.1,0.5,256,1,6509.0083,92.39219704966956,105.49524383299286
no_history,0.0001,1024,"(256, 256)",0.1,0.5,256,2,5414.304,90.57029799391076,105.84069483401254
no_history,0.0001,2048,"(128, 128)",0.2,0.2,512,0,5919.915,129.11978593401068,99.9941430829931
no_history,0.0001,2048,"(128, 128)",0.2,0.2,512,1,6113.5967,130.020169451308,99.67588724999223
no_history,0.0001,2048,"(128, 128)",0.2,0.2,512,2,6005.584,127.20413636916821,99.98374637501547
no_history,0.0001,2048,"(128, 128)",0.2,0.2,256,0,5840.039,65.86324032870797,99.81896841601701
no_history,0.0001,2048,"(128, 128)",0.2,0.2,256,1,6438.779,65.56295666135523,99.73920658300631
no_history,0.0001,2048,"(128, 128)",0.2,0.2,256,2,5955.0864,64.88914603860746,100.01936783298152
no_history,0.0001,2048,"(128, 128)",0.2,0.5,512,0,5625.011,183.6487714592676,99.9716187089798
no_history,0.0001,2048,"(128, 128)",0.2,0.5,512,1,6778.4473,182.35079924202455,100.08605770900613
no_history,0.0001,2048,"(128, 128)",0.2,0.5,512,2,4881.098,188.6043595748066,99.88527454098221
no_history,0.0001,2048,"(128, 128)",0.2,0.5,256,0,6178.4077,93.31236713444764,99.82970266701886
no_history,0.0001,2048,"(128, 128)",0.2,0.5,256,1,6429.635,90.13728146265832,99.87311329203658
no_history,0.0001,2048,"(128, 128)",0.2,0.5,256,2,4783.1973,95.53424110244552,100.6076627090224
no_history,0.0001,2048,"(128, 128)",0.1,0.2,512,0,5728.574,132.21639739060691,99.85815908299992
no_history,0.0001,2048,"(128, 128)",0.1,0.2,512,1,6883.7085,128.1764085887716,99.7292641249951
no_history,0.0001,2048,"(128, 128)",0.1,0.2,512,2,6047.5923,119.13416921687997,99.9625996669638
no_history,0.0001,2048,"(128, 128)",0.1,0.2,256,0,5888.083,67.15712467011758,100.1621834160178
no_history,0.0001,2048,"(128, 128)",0.1,0.2,256,1,6311.941,64.41451536347978,99.91836324997712
no_history,0.0001,2048,"(128, 128)",0.1,0.2,256,2,5291.4897,61.680528029727796,99.87351320800371
no_history,0.0001,2048,"(128, 128)",0.1,0.5,512,0,5677.292,183.54140475292195,99.86212866700953
no_history,0.0001,2048,"(128, 128)",0.1,0.5,512,1,6821.383,183.43525451748832,99.73551270901226
no_history,0.0001,2048,"(128, 128)",0.1,0.5,512,2,5957.549,180.60289633811615,99.90600095799891
no_history,0.0001,2048,"(128, 128)",0.1,0.5,256,0,5543.2275,88.19810231698456,99.87473233300261
no_history,0.0001,2048,"(128, 128)",0.1,0.5,256,1,6167.598,91.4416984770884,99.73941620800178
no_history,0.0001,2048,"(128, 128)",0.1,0.5,256,2,5757.685,91.44523337845857,99.75347854197025
no_history,0.0001,2048,"(256, 256)",0.2,0.2,512,0,5810.9966,132.45055017009832,99.77071437501581
no_history,0.0001,2048,"(256, 256)",0.2,0.2,512,1,5573.214,129.74808177101414,99.73883083299734
no_history,0.0001,2048,"(256, 256)",0.2,0.2,512,2,5854.8403,132.2586638220808,99.76301529101329
no_history,0.0001,2048,"(256, 256)",0.2,0.2,256,0,5932.1206,66.04626238592432,99.94216975005111
no_history,0.0001,2048,"(256, 256)",0.2,0.2,256,1,7004.018,64.18881672975402,99.9164909159881
no_history,0.0001,2048,"(256, 256)",0.2,0.2,256,2,4992.0293,65.1677014339778,99.86328545800643
no_history,0.0001,2048,"(256, 256)",0.2,0.5,512,0,5265.6665,193.04714179886108,99.91741041600471
no_history,0.0001,2048,"(256, 256)",0.2,0.5,512,1,6140.9395,187.1934134141687,99.86302612500731
no_history,0.0001,2048,"(256, 256)",0.2,0.5,512,2,4973.8545,186.53747161087827,99.92885341699002
no_history,0.0001,2048,"(256, 256)",0.2,0.5,256,0,4598.9834,95.62967926018496,99.85186666698428
no_history,0.0001,2048,"(256, 256)",0.2,0.5,256,1,6465.45,93.47856264788518,99.86269812501268
no_history,0.0001,2048,"(256, 256)",0.2,0.5,256,2,4738.531,94.50210778200658,99.92904766701395
no_history,0.0001,2048,"(256, 256)",0.1,0.2,512,0,5635.324,134.16411695330908,99.83992533397395
no_history,0.0001,2048,"(256, 256)",0.1,0.2,512,1,6289.7896,125.20820219419288,99.90634683298413
no_history,0.0001,2048,"(256, 256)",0.1,0.2,512,2,5328.9854,128.96827293615473,99.77494370797649
no_history,0.0001,2048,"(256, 256)",0.1,0.2,256,0,5795.3022,64.51067707381715,99.86228558397852
no_history,0.0001,2048,"(256, 256)",0.1,0.2,256,1,6945.406,61.71892305361446,99.92895370902261
no_history,0.0001,2048,"(256, 256)",0.1,0.2,256,2,5695.8574,63.219453490147636,99.62954291701317
no_history,0.0001,2048,"(256, 256)",0.1,0.5,512,0,5277.3823,182.01334500610375,99.82853825000348
no_history,0.0001,2048,"(256, 256)",0.1,0.5,512,1,6549.2183,181.46246859686426,99.74153333297
no_history,0.0001,2048,"(256, 256)",0.1,0.5,512,2,5967.9976,180.89418216028974,99.98362420802005
no_history,0.0001,2048,"(256, 256)",0.1,0.5,256,0,5576.9946,89.09226115236302,99.91619154100772
no_history,0.0001,2048,"(256, 256)",0.1,0.5,256,1,6886.2295,90.17139006250838,99.94190191698726
no_history,0.0001,2048,"(256, 256)",0.1,0.5,256,2,5184.0483,92.97608006222086,100.29580274998443
